model,products,pros_token_f1,cons_token_f1,mean_token_f1,seconds_total,ms_per_product
zero_shot_keyword,120,0.6722945324696125,0.21997611995413607,0.4461353262118743,0.041206458990927786,0.34338715825773153
fine_tuned_sentence_selector,120,0.6172557830528551,0.39764965048541806,0.5074527167691366,0.08955866700853221,0.7463222250711018
