,precision,recall,f1-score,support
negative,0.0,0.0,0.0,4.0
neutral,0.0,0.0,0.0,3.0
positive,0.7666666666666667,1.0,0.8679245283018868,23.0
accuracy,0.7666666666666667,0.7666666666666667,0.7666666666666667,0.7666666666666667
macro avg,0.2555555555555556,0.3333333333333333,0.2893081761006289,30.0
weighted avg,0.5877777777777777,0.7666666666666667,0.6654088050314466,30.0
