,precision,recall,f1-score,support
low,0.0,0.0,0.0,8.0
medium,0.0,0.0,0.0,0.0
high,0.42857142857142855,1.0,0.6,6.0
accuracy,0.42857142857142855,0.42857142857142855,0.42857142857142855,0.42857142857142855
macro avg,0.14285714285714285,0.3333333333333333,0.19999999999999998,14.0
weighted avg,0.18367346938775508,0.42857142857142855,0.2571428571428571,14.0
