,precision,recall,f1-score,support
con,0.4661016949152542,0.6,0.5246422893481717,275.0
neutral,0.18125,0.20714285714285716,0.19333333333333333,140.0
pro,0.7973760932944607,0.6968152866242038,0.7437117607070021,785.0
accuracy,0.6175,0.6175,0.6175,0.6175
macro avg,0.4815759294032383,0.501319381255687,0.48722912779616906,1200.0
weighted avg,0.6495776661148721,0.6175,0.6292975236603421,1200.0
