model,split,accuracy,macro_f1,weighted_f1
majority_baseline,test,0.42857142857142855,0.3,0.2571428571428571
mobilenetv2_transfer_head,test,0.42857142857142855,0.3,0.2571428571428571
majority_baseline,val,0.3076923076923077,0.1568627450980392,0.14479638009049772
mobilenetv2_transfer_head,val,0.3076923076923077,0.1568627450980392,0.14479638009049772
