,precision,recall,f1-score,support
low,0.33874709976798145,0.5047536732929991,0.405414786532454,1157.0
medium,0.2045602605863192,0.490625,0.288735632183908,640.0
high,0.5630712979890311,0.15331010452961671,0.24100156494522693,2009.0
accuracy,0.31686810299527063,0.31686810299527063,0.31686810299527063,0.31686810299527063
macro avg,0.3687928861144439,0.3828962592742053,0.31171732788719636,3806.0
weighted avg,0.4345925377999901,0.31686810299527063,0.29900889558347643,3806.0
